,日期,來源,新聞
0,2022/01/16 17:08,台股新聞,Tag疫情桃園仁寶代工組裝桃園餐廳群聚事件再度擴散，代工大廠仁寶 (2324-TW) 今 (16) 日晚間發布重訊，證實桃園平鎮廠兩名員工確診，並在今日針對 8 日至 15 日相關人員進行全員快篩，產能調度上，因平鎮廠產能不大，必要時將由中國或越南廠替代，對財務業務無重大影響。仁寶表示，桃園平鎮廠因二名員工確診，已在今日對平鎮廠員工及 1 月 8 日至 1 月 15 日相關進出人員進行全員篩檢，並立即啟動緊急應變及防疫措施，成立應變小組，持續密切注意疫情發展。不過全體員工快篩結果尚未出爐，相關疫調資訊仍以中央公告為準。對產能影響方面，仁寶說，平鎮廠產能不大，若有需要的話，都可由中國或越南廠區替代，因此影響有限，據悉，仁寶平鎮廠以生產筆電、物聯網、伺服器等消費性電子產品為主。指揮中心今日記者會中，指揮官陳時中也說明，電子科技廠兩名員工染疫，即為昨 (15) 日確診的西堤用餐情侶 (為案 17883、17884)，兩人是當天用餐時坐在銀行員隔壁座位用餐而確診，目前該對情侶任職公司正在大規模普篩。年化100%↑選股策略高手現身，看戰況➤
1,2022/01/16 14:06,台股新聞,Tag蘋果VRMR蘋果 (AAPL-US) 積極拓展元宇宙，將推出 AR/MR 頭戴式產品，不過外電指出，蘋果該款產品因軟體、零組件問題，推出時程恐再遞延，市場傳，蘋果為加快腳步，天線模組找上台廠連展投控 (3710-TW) 共同開發，連展投控不評論客戶，但證實最近確實與客戶有新 VR/MR 案子進行中。連展投控是控股架構，旗下無線通訊事業部門，現已分割成為連騰 (6818-TW) ，連展投控持股 6 成，專注在天線模組相關技術，曾是宏達電 (2498-TW) VIVE，以及國內 VR、元宇宙新創 XRspace 等頭戴設備天線主要供應商，具備內置天線設計能力及出貨實績、技術成熟，加上集團原本就供應蘋果多項產品，經驗豐富，因此被蘋果青睞，找上共同開發。事實上，蘋果相當看重 AR/MR 發展，執行長庫克曾多次公開看好，AR 不僅能用於遊戲，也可應用在健康、教育、零售領域，具極大市場潛力，此外，分析師更認為，蘋果長年投入，目的就是以 10 年後 AR 頭戴裝置取代 iPhone。根據市場先前傳言，蘋果 VR 將是一款 MR 獨立頭盔、具備 M1 等級的處理系統，運用相機鏡頭提供 MR 體驗。不過，近期外電指出，蘋果頭戴裝置研發過程遇阻，面臨軟體、鏡頭等零組件開發難題，推出時程再度延後；市場解讀，蘋果找上台廠開發，也有要持續去除開發瓶頸的味道。連展表示，頭戴穿戴設備輕量化，對內部空間的要求至關重要，天線不但要能要能縮小體積並保持傳輸效率，連騰透過多樣化的製程，可以符合客戶所要求的目標。此外，連展也拓展電動車市場，目前除了有車內影音連接器產品，也透過客戶，間接打進電動車大廠充電樁供應商，今年起可望有逐漸發酵，公司看好，在缺料狀況舒緩下，營運可望擺脫近年低迷，力拚獲利表現。年化100%↑選股策略高手現身，看戰況➤
2,2022/01/16 13:34,台股新聞,Tag台勝科矽晶圓半導體全球矽晶圓二哥日本勝高 (SUMCO) 會長橋本真幸受訪時透露，產能已滿到 2026 年，子公司台勝科 (3532-TW) 也同樣樂看矽晶圓前景，坦言市場供給吃緊程度比外界想像嚴峻許多，客戶為確保產能，皆積極洽簽長約，正在興建中的 12 吋雲林麥寮新廠，產能幾乎被客戶包光，訂單能見度同樣看至 2026 年。台勝科去年 11 月斥資 282.6 億元，在雲林麥寮台塑工業園區擴建 12 吋廠，目標 2024 年量產。據了解，客戶憂心可能有無法取得足夠產能的窘境，今年以來積極簽訂長約，長約比重持續拉升，新廠大部分產能都已有客戶預付款確保，長約價格也高於目前合約價。台勝科去年第四季已開始陸續調漲價格，今年隨著漲價效益明顯發酵，全年獲利可望大幅優於去年。橋本真幸日前接受專訪時，除透露產能已滿到 2026 年外，也直言從事半導體業界近 40 年來，「矽晶圓如此長時間的短缺前所未見」；除勝高、台勝科唱旺產業景氣，環球晶 (6488-TW) 也看好 2024 年，矽晶圓市場供需仍非常健康。隨著大廠相繼唱旺後市，矽晶圓可望迎來數年的產業榮景。年化100%↑選股策略高手現身，看戰況➤
3,2022/01/16 13:32,台股新聞,Tag矽晶圓半導體環球晶合晶台勝科半導體大廠相繼擴建新廠，晶圓代工新產能將從 2023 年起傾巢而出，市場預期 2024-2025 年矽晶圓供給恐嚴重短缺；據了解，台勝科 (3532-TW) 今年第一季 8 吋、12 吋漲幅已達雙位數，全年漲幅可望 2 成起跳，合晶 (6182-TW) 4 吋矽晶圓漲幅在供給有限的情況下更上看 3 成。受惠車用功率元件需求轉強，合晶對今年營運展望樂觀看待，在接單暢旺下，產能供不應求，第一季 8 吋矽晶圓已調漲 1 成，第二季也將持續漲價，全年漲幅上看 2 成，而 6 吋以下中小尺寸矽晶圓產能更緊缺，其中 4 吋全年漲幅更可望上看 3 成。為確保產能，合晶 8 吋客戶近來紛紛洽簽長約，今年長約比重已由去年的 10-15%，大幅拉升至 3 成，長約期間約 3-5 年，價格漲幅也達雙位數。另一方面，合晶今年也全力推進佈局 12 吋產能，目前產能已拉升至 1 萬片，下半年可望進一步擴大至 2 萬片規模，明年則再增加 1-2 萬片。台勝科目前 8 吋、12 吋產能均全產全銷，因應市場供給吃緊，加上原物料漲價等因素，第一季價格漲幅也達雙位數，較去年第四季大幅調漲，今年單季價格可望逐季上漲。環球晶今年產能持續滿載，價格、訂單已定案，就連去瓶頸產能都賣光，訂單能見度到 2024 年，長約比重已達前波景氣高峰 2017、2018 年水準；且相較當時長約 2-3 年，此波景氣循環期間更長，據了解，其中 8 吋長約期間約 3-5 年，12 吋則達 5-8 年，價格上漲力道也更強勁。環球晶表示，為因應建廠推升的矽晶圓需求，12 吋客戶積極洽簽長約，客戶並非擔心明年或 2023 年拿不到貨，而是憂心 2024-2025 年時，12 吋矽晶圓新產能還未開出，市場將面臨嚴重短缺。隨著 5G、電動車等應用帶動半導體需求大增，晶圓代工廠及 IDM 廠爭相擴產或建新廠，以搶食龐大的應用商機，國內四大晶圓代工廠台積電 (2330-TW) 、聯電 (2303-TW) 、力積電 (6770-TW) 及世界先進 (5347-TW) ，新產能將從今年下半年起陸續開出，也催生對矽晶圓的強勁需求。年化100%↑選股策略高手現身，看戰況➤
4,2022/01/16 13:16,台股新聞,Tag鴻海華碩經濟部尾牙統計處外銷訂單失業率本周大事補班日台灣去年經濟繳出近年最佳成績，經濟部統計處周四 (20 日) 將公布去年 12 月、第四季、全年外銷訂單統計結果，預期全年訂單金額將達 6667-6682 億美元，改寫歷史新高，而隨著農曆新年到來，各大企業本周也將陸續舉行歲末活動，其中，鴻海周日 (23 日) 將以線上方式舉辦愛心嘉年華活動；以下是本周大事預告：去年 12 月外銷訂單可望連 22 紅 單季、全年可望攀峰經濟部統計處周四 (20 日) 將公布去年 12 月外銷訂單統計結果，在各大貨品接單續強下，單月外銷訂單可望維持 600 億美元以上高檔，但受 11 月高基期影響，估呈現月減，但仍可望連 22 紅，第四季單季、全年外銷訂單則可望同步改寫歷史新高。統計處估 12 月外銷訂單金額將達 605-620 億美元，月增幅 - 5.3% 至 - 7.6%，年增幅 - 0.1% 至 2.4%，仍有機會連 22 紅，第四季外銷訂單估達 1851-1866 億美元，季增幅 7.8% 至 8.7%，年增幅 8.9% 至 9.8%，全年則將達 6667-6682 億美元，年增幅 24.9% 至 25.2%。歲末年終 鴻海愛心嘉年華、華碩尾牙線上登場農曆新年假期即將到來，各大科技品牌廠本周都將陸續舉辦歲末年終活動，雖然近期國內疫情受 Omicron 變種病毒影響升溫，部分廠商取消實體活動改由線上舉辦，品牌大廠華碩周三 (19 日) 將舉行線上尾牙活動，代工大廠鴻海則規劃在周日 (23 日) 線上舉行愛心嘉年華活動。不過考量國內疫情變化快速，員工人數眾多的電子代工廠皆取消實體尾牙活動，抽獎橋段則改以線上方式舉行，也是連兩年沒有大型尾牙，不過獎項仍令外界稱羨，廣達今年最大獎維持現金 30 萬元，普獎則為 3500 元，預計發出總獎金將超過 4000 萬元，仁寶則是每人發放 12000 元禮券，也與去年相當。 年化100%↑選股策略高手現身，看戰況➤
5,2022/01/16 13:16,鉅亨新視界,Tag中國供應鏈在地化國際大廠投資隨著近來中國積極推動供應鏈在地化，當地大型企業採購也跟著轉向，不再以技術、價格為考量，而是將供應商在地化視為重中之重，供應鏈是否為「本土公司」的定義也與時俱進，業界普遍認為有三階段。業界指出，中國當地產業處於萌芽階段時，因缺乏技術人才，大多由當地政府提供減稅方案，吸引國際大廠前往投資，藉此培養員工素質，並完善供應鏈生態系，國際大廠則扮演技術攜帶者的角色。此時也因產業尚處於初期階段，當地企業大多將前往中國投資的國際大廠視為本土公司，並擴大採購，不過，隨著國際大廠因應當地不斷成長的需求，勢必新建廠房與擴充產能，當地政府即要求新廠採合資方式進行，為第二階段。當地政府透過雄厚資金，成為股東結構中的一員，儘管仍未具有主導權，但可更深入了解技術及量產知識 (know-how)，完善自身產業地位，最後，則由當地政府與當地企業採合資或獨資方式，將取得知識在地化，成為產業的主導方，為第三階段。此時當地企業開始進入大量生產後，由於人力等成本大幅降低，產品價格也跟著下滑，直接與國際大廠競爭，藉此達到本土化，當地企業採購時即會優先選擇「本土公司」，與一開始的本土公司定義已大不相同，藉此滿足中國供應鏈自主化的需求。業界坦言，中國具有雄厚資金的利基，加上三階段行為模式，可有效縮短學習知識的時程，進一步角逐市場商機，不過，若要與全球競爭，仍須講求技術領先，但當地企業大多扮演追隨者的角色，領先仍有段距離。對於國際大廠或台廠而言，唯有不斷的追求技術，維持業界領先地位，同時鞏固自家人才，才可避免紅海競爭。鉅亨觀點與分析 | 鉅亨網記者、編輯群們茫茫的訊息海中，讓鉅亨網記者、編譯團隊，幫讀者們解讀新聞事件背後的意涵，並率先點出產業與總經趨勢，為投資人提供最深入獨到的觀點，協助做出更精準的投資決策。
6,2022/01/16 13:14,鉅亨新視界,Tag印尼鎳不銹鋼印尼擬針對鎳生鐵、鎳鐵出口課徵累進稅率，帶動國際鎳價大漲，市場普遍看好，將進一步支撐後續不銹鋼報價走勢；不過，有業者擔憂，過高的鋼價恐衝擊下游客戶提貨意願。為了防止國內礦藏迅速耗盡，外電報導，印尼政府也在研擬對鎳生鐵 (NPI)、鎳鐵，最快今年就會實施，官員更透露，假設鎳價激漲到每噸 1.5 萬美元以上，就將出口稅率定在 2%，稅率將隨鎳價上升而提高，此舉目的是為推動鎳礦生產商在印尼國內先精煉後再輸往海外。消息一出後，LME 鎳價 3 月期貨上周最高衝上每公噸衝上最高 2.29 萬逾 10 年新高，單周收 2.21 萬美元、每公噸上漲 1421.5 美元或 6.85%；而鎳在不銹鋼中的重量占比雖然只有 8%，但成本占比高達 50% 以上，因此過往市場都把鎳價當成不銹鋼價的先行指標，普遍看好後續將不銹鋼價隨之走揚。不過，部分業內人士認為，目前短線鋼市需求降溫，但不銹鋼價格仍維持相對高檔，加上下游面臨運輸成本墊高、出貨不順，高單價庫存去化等挑戰，都使得拉貨需求較為平淡。業者進一步指出，若年後需求回溫，不銹鋼價確實可望順勢上漲，但若下游買氣持續縮手觀望，或是無法負擔成本增加，不銹鋼價格恐有價無量，鎳價上漲反使得廠商利差空間縮小。而為了降低鎳價波動對成本、售價的影響，國內不銹鋼大廠燁聯 (9957-TE) 就積極布局以鉻 (Cr)、鉬 (Mo) 取代鎳的單相 400 系不銹鋼產品，除了具備以往採用鎳的 300 系不銹鋼耐腐蝕性能外，更能因此降低鎳價的波動影響。不只是不銹鋼產業，鎳價上漲也對電動車電池帶來壓力，因此，電動車大廠特斯拉 (TSLA-US) 也對外宣布，將改變車用電池原料結構，在全球銷售的 Standard Range 標準續航版車款，將全面改用成本較便宜的磷酸鋰鐵電池，以降低對鎳的依賴以減輕生產成本。鉅亨觀點與分析 | 鉅亨網記者、編輯群們茫茫的訊息海中，讓鉅亨網記者、編譯團隊，幫讀者們解讀新聞事件背後的意涵，並率先點出產業與總經趨勢，為投資人提供最深入獨到的觀點，協助做出更精準的投資決策。
7,2022/01/16 13:13,鉅亨新視界,Tag航空客運空中巴士星宇虎航飛機製造大廠空中巴士最新宣布，2021 年間將 611 架商用飛機交付 88 家客戶，今年也仍將按計畫提升產能，而國內台灣虎航 (6757-TE) 和星宇航空也正積極引進新機、陸續重啟既有航點並開出新航點，可預見，航空客運業務已逐漸進入復甦階段，今年在疫情不確定下雖仍難回到過往正常水準，但至少不會再比去年差。華航 (2610-TW) 轉投資台灣虎航 (6757-TE) 已陸續在去年 12 月、1 月重新開啟澳門、東京和大阪等航班，去年也迎來 2 架 A320neo 加入機隊，並宣示，只要國境開放，隨時可重啟客運服務。儘管過去 2 年台灣虎航客運業績斷炊，但並未停下布局腳步，在國籍航空擁有日本航點最密集的優勢下，積極接洽日本在地廠商，推廣日本名果、佐賀牛、日本酒，並與樂天桃猿合作推彩繪機等，除了維持日本航線的聲量，也希望在疫情過後日本自助客回流之際，將台灣虎航列為首選航空之一。目前台灣虎航已重新開啟桃園 - 澳門、桃園 - 東京成田、桃園 - 大阪關西、桃園 - 首爾仁川等航線。而在機隊布建上，台灣虎航也未停滯，去年已迎來 2 架 A320neo，至 2027 年還要再陸續引進 12 架 A320 neo(合計為租 8、購 7)，同時將陸續汰換現有 11 架 A320 機隊。星宇航空則是領先業界引進全台首架 A330neo，預計 2 月中旬交機，完成新機導入驗證和機組人員訓練後， 5 月投入營運，屆時將用以飛航亞洲重點城市，顯然，看好逐步復甦後的旅運市場。據星宇航空規劃，共將導入 8 架 A330neo，除 2 月首架交付外，今年還有導入 3 架同款新機將到位。不僅如此，星宇航空日前通過台灣智慧財產管理規範 (TIPS)A 級驗證，為國內首家通過此驗證 A 級的航空公司，並未在疫情嚴峻的衝擊下暫停發展腳步。事實上，全球航空產業在去年一年持續有新機交付，空中巴士統計，去年對 88 家客戶交付共 611 架商用飛機，此也證明航空產業的復甦軔性。空中巴士表示，去年自全球航空公司接到大量訂單，總訂單數較 2020 年倍增至 711 架，其中，A220 獲得 64 架確認訂單， A320neo 家族獲得 661 架訂單，而在廣體飛機市場中，空中巴士則獲得 46 架新訂單，分別為 30 架 A330 和 16 架 A350，包括新推出的 A350F 貨機獲 11 架確訂認單，以及 11 架購買承諾。隨著航空業購機訂單復甦，顯示對後疫情時代空中旅行永續成長的信心，儘管未來仍有許多不確定性，空中巴士仍按計畫提升今年產能，積極為航空業的未來進行準備。整體來看，去年有 Delta 變種病毒以及 Omicron 病毒出現，令疫情更添不確定性，至今無法看到疫情的盡頭，然而，無論是國內中小航空業者或是國際飛機製造業，在過去一年態度已轉趨積極，逐步布局疫後客運市場，可以預見，航空業無論復甦快慢，都已處在逐漸回溫的階段。鉅亨觀點與分析 | 鉅亨網記者、編輯群們茫茫的訊息海中，讓鉅亨網記者、編譯團隊，幫讀者們解讀新聞事件背後的意涵，並率先點出產業與總經趨勢，為投資人提供最深入獨到的觀點，協助做出更精準的投資決策。
8,2022/01/16 13:12,鉅亨新視界,Tag防疫保單保費隔離理賠本土疫情再度拉緊報，仍有產險業推防疫保單，保費不到千元，只要被匡列為居家隔離就理賠，吸引民眾搶買，對保險業而言，在疫情緊張的時刻仍推平價防疫險，原因不外乎是藉此擴大客戶群，透過防疫保單能帶來更多潛在保戶上門。2021 年 5 月本土疫情大爆發，民眾不僅排隊等打疫苗，也忙著投保防疫保單，讓防疫保單躍居去年保險市場新寵兒，其中又以台產的防疫保單最受矚目，保費只要 500 元，一旦接獲隔離通知就理賠 10 萬元，引發民眾瘋搶；和泰產今年的防疫保單隔離就賠 10 萬元、確診再賠 5 萬元，上市不到半個月旋即下架。此外，新安東京海上產險日前也趁勢推出「防疫隔離險」，單一保費 666 元，只要隔離就理賠 5 萬元，確診再加賠 5 萬元，合計最高理賠 10 萬元。在本土疫情緊繃的當下，幾乎天天都有本土確診病例，為何產險業者仍願意推出平價的防疫保單，且不必等確診只要隔離就能理賠呢？原因不外乎是看準防疫保單的獲客能力，希望防疫保單仍替公司帶來更多保戶上門，進而挹注其他保單的保戶。業者指出，在疫情緊繃的時候，民眾投保意願也會相對提高，而防疫保單保費便宜，理賠條件不算嚴苛，多數保單幾乎是只要保戶被匡列為居家隔離對象，就能獲得保險金理賠，對民眾而言具有一定的吸引力，而這些保戶未來就可能成為健康險、車險等潛在客戶。但也有業者坦言，防疫保單雖有助於擴大客戶規模，但這些保戶未來能否真正轉為保險公司的忠實客戶，客戶黏著度能否持續長久，仍有待時間驗證。鉅亨觀點與分析 | 鉅亨網記者、編輯群們茫茫的訊息海中，讓鉅亨網記者、編譯團隊，幫讀者們解讀新聞事件背後的意涵，並率先點出產業與總經趨勢，為投資人提供最深入獨到的觀點，協助做出更精準的投資決策。
9,2022/01/16 13:11,台股新聞,Tag本土疫情富邦金中信金居家上班分流桃園本土疫情持續擴大，金融業防疫繃緊神經，中信金 (2891-TW) 已宣布，周一 (17 日) 起實施上下班分流、輪班居家辦公，24 日起實施異地備援，視情況滾動檢討；富邦金 (2881-TW) 也跟進宣布，明天起，將依風險性高低陸續啟動雙北、桃園及基隆地區不同人數規模的居家上班，總人數預計超過 2900 人。聯邦銀行行員病毒基因定序證實感染 Omicron ，與桃機清潔員相同，群聚案仍不斷擴大，為加強防疫，富邦金啟動北北基桃居家上班，並強調將嚴格控管群聚感染風險，持續觀察疫情變化，動態調整及評估啟動更大規模之居家上班或異地辦公。其次，對於即將來臨的春節假期，富邦金指出，已預先妥善因應，對於符合公司所列的高風險情形 (尚未接種兩劑疫苗、居住高風險地區、同住親友為桃機相關工作者、同仁及其同住親友自國外返台入境等) 同仁、各富邦大樓之清潔員及保全人員，將於春節假期最後一天以公司配發之家用快篩試劑進行快篩，快篩陰性後方能進入職場。中信金內部公告指出，為降低通勤移動的感染風險，各單位須實施分流上下班措施，實施對象為同仁及派遣人員 (不含各分行、各個全區域中心所轄單位，以及特殊班表及輪班人員，如客服人員)。分流時段有 3 班，第 1 班上班時間上午 8 點至下午 4 點 40 分；第 2 班為上午 8 點 50 分至傍晚 5 點 30 分；第 3 班為上午 10 點至晚間 6 點。居家辦公部分，各單位彈性實施居家辦公措施，並採輪班方式辦理，居家辦公天數至少為 7 個日曆天。中信金表示，自 1 月 24 日起，跨大樓人員禁止跨大樓人員交流，同大樓避免進入不同樓層辦公場域，如因特定業務無法避免，跨棟移動前須戴口罩並用門口配置的酒精乾洗手；外部訪客、廠商、應徵者來訪須落實實聯制並確實填寫「訪客／廠商自主健康聲明書」，一律不可進入辦公區域，可利用公共空間及辦公區外會議室洽談。年化100%↑選股策略高手現身，看戰況➤
10,2022/01/16 13:09,鉅亨新視界,Tag高爾夫大田明安鉅明2021 年高爾夫市場需求強勁復甦，相關業者接單及營收都創新高，在沒有明顯淡旺季的情況下，獲利也將創高，各廠都還有新產能將陸續投產，有助今年營運成長。美日歐客戶下單積極，高球桿頭代工業者復盛應用 (6670-TW)、明安 (8938-TW)、大田 (8924-TW) 和鉅明 (8928-TW) 等四家公司，2021 年獲利可望與營收同創新高。就高爾夫球頭代工龍頭復廠盛應用接單狀況來看，今年第一、二季的接單全滿，第三季訂單也在手上，顯示占全球 70% 市占的台商高爾夫球具產業走出新冠肺炎疫情陰影、更加蓬勃。復盛應用為國際球桿頭製造龍頭，也是全球最大高爾夫球具製造商，客戶涵蓋國際前四大品牌，包含 Callaway、Ping、Titleist 等，從出貨量來看，目前越南占約 35-40%，已有四廠區投產，出貨比重將提高到 40% 以上，長期往 5 成方向邁進。且併購民盛後，增加冰上曲棍球鞋、摩托車車靴等產品營收，貢獻整體營收 10％，2022 年也有機會再創新高。明安除持續針對越南廠擴廠，也取得高雄和發產業園區設廠土地 8741 坪，連同興建工程的投資金額估計將近 9 億元，第一期新廠預定 2022 年第一季完工，第三季加入生產。鉅明 2021 年營收和獲利預估同創歷史創新高之外，根據在手訂單，客戶端今年下一代新品量產，已排到 2022 年 4 月，下游客戶也要求提高產能。鉅明在高雄和發新廠預計今年第一季取得使用執照，最快第三季加入生產，鉅明將藉此機會調整各產線據點，提升生產效率，在產能提高、以及新品報價調高之下，更有助毛利率拉升，2022 年營收也有機會再創新高紀錄。鉅明是全球第 4 大高爾夫球桿頭代工廠，第一大客戶為全球市占率約 4 成的高爾夫球品牌大廠 Taylor Made。明揚生產基地則集中在台灣，屏東廠產線產能去瓶頸已陸續完工，年產能由 1600 萬打提升到 1800 萬打，產能增幅 12.5%。新冠肺炎疫情 2020 年爆發，高爾夫運動的相關產品需求逆勢提高，國際高爾夫球桿品牌業者從過去集中發表新產品與拉貨，逐步轉為逐季分散並採小量分批下單、提貨，台廠也也配合客戶時程調整新產品開發，配合上市。在這些因素影響下，歐美的高爾夫品牌業者積極補庫存，2021 年全年的高爾夫球頭產業淡旺季市場節奏及脈動，出現淡季不淡走勢，今年各業者在越南、台灣新廠產能開出的經濟規模挹注之下，獲利將再上一層樓。鉅亨觀點與分析 | 鉅亨網記者、編輯群們茫茫的訊息海中，讓鉅亨網記者、編譯團隊，幫讀者們解讀新聞事件背後的意涵，並率先點出產業與總經趨勢，為投資人提供最深入獨到的觀點，協助做出更精準的投資決策。
11,2022/01/16 13:04,鉅亨新視界,Tagcdmo併購保瑞永昕生技產業近年掀起 CDMO(委託開發與製造服務) 熱潮，尤其疫情更加速產業發展，台廠為了搶下一席之地、追上國際腳步，透過併購案、研發利基型技術做出差異化，藉此壯大營運規模。國際藥廠近年走向專業分工，CDMO 成為全球生技製藥業的趨勢，根據研調機構報告指出，2020 年全球 CDMO 市場規模為 1601 億美元，預計 2026 年將攀升至 2426.4 億美元，年複合成長率約 7%，高於傳統製藥產業的 4.5%。以目前現況來看，CDMO 僅占藥品市場的 26%，仍有相當大的成長空間，保瑞 (6472-TW) 董事長盛保熙與永昕 (4726-TW) 董事長林榮錦同聲，雖然台灣 CDMO 廠規模仍不及國際大藥廠，但產業還處於剛起步階段，且各公司各有優勢且分散。 保瑞目標擠進全球前 20 大 CDMO 公司、營收規模至少 150 億元，以併購方式來擴大營收規模，8 年來啟動 5 件國內外藥廠併購案，包括 2013 年收購衛采台南廠、2014 年取得聯邦化學 100% 股權、2017 年與宇泰合資成立宇泰欣並獨家取得日商在台代理權、2018 年併購美國 Impax 旗下益邦製藥、2020 年併購 GSK 加拿大藥廠。從保瑞 2018 年營收就可以看出併購效益，全年營收 13.72 億元，年增 283%；而去年併購 GSK 加拿藥廠後，營收同樣倍數跳增，逼近 50 億元大關；盛保熙也透露，每個月至少評估 3-4 個案子，今年有機會再啟動併購案，預計會以亞洲市場為主。同樣專攻 CDMO 的永昕則是切入新技術領域，做出差異化，總經理陳佩君提到，目前生物製藥產業朝向多樣化、製程也複雜化，而 ADC(生物新藥抗體偶聯藥物)、異體治療細胞需要投入大量研發量能，也是國際大廠不願接觸的領域。永昕瞄準 ADC、異體細胞治療商機，將投資 38 億元在竹北建置三廠，預計 2024 完工，最快 2025 年開始有營收貢獻，其中，在細胞治療領域方面，永昕客戶已經在美國進行一期臨床試驗，未來將接續生產二期臨床用藥。鉅亨觀點與分析 | 鉅亨網記者、編輯群們茫茫的訊息海中，讓鉅亨網記者、編譯團隊，幫讀者們解讀新聞事件背後的意涵，並率先點出產業與總經趨勢，為投資人提供最深入獨到的觀點，協助做出更精準的投資決策。
12,2022/01/16 13:01,台股新聞,Tag元宇宙輝達3D平台經濟麗臺代理權元宇宙 (Metaverse) 議題自去年發酵至今，除終端應用裝置外，市場將發展重點擺在內容、平台經濟上，包含微軟 (MSFT-US)、前身為臉書的 Meta(FB-US) 等都躍躍欲試，繪圖晶片大廠輝達 (NVDA-US) 也推出 Omniverse Enterprise 平台，開放企業、專業團隊訂閱使用，台廠麗臺 (2465-TW) 為該平台亞太區代理商，將最為受惠。輝達在去年 11 月 GTC 大會上發表 Omniverse Enterprise 平台，提供即時協作、真實模擬，可望協助企業進軍元宇宙市場，也適用在製造、建築、動畫設計、影像特效與後製等領域，今年 CES 上更進一步推出 Omniverse 個人版本，並提供免費試用。顯卡廠麗臺是輝達長期合作夥伴之一，去年更取得輝達授權，成為 Omniverse Enterprise 平台亞太區代理商，協助企業導入應用、加速落地，目前該平台屬於訂閱制，隨著元宇宙商機延續、個人版服務上線，麗臺營運可望隨訂閱規模放大，同步受惠。各界對於元宇宙發展多有期待，除了硬體裝置、軟體服務外，市場逐漸意識到平台內容將是引領元宇宙商機爆發的關鍵要素，也成為既有社群平台業者、各領域龍頭廠商積極拓展的利基點，對台廠來說，短期發展主力重心仍在硬體上，如顯示卡、頭盔裝置等，平台內容服務上則仍需進一步與國際大廠搭配。代工大廠廣達 (2382-TW) 董事長林百里近期也分享對元宇宙的看法，直言 Z 世代 (指出生在 1997-2015 年的人) 將主導元宇宙發展，運用各種數位虛擬應用，創造商機，對於專注「做工具」的廣達來說，發展著力點仍在硬體製造上，並認為元宇宙大餅將由微軟、Meta 等分食。觀察國際大廠動態，臉書改名 Meta 後，更投資 100 億美元在 Reality Labs 等元宇宙項目上，更在歐洲開出 10000 個元宇宙相關職缺，微軟則計畫在 Teams 服務上加入虛擬實境、體感等服務，加上具備雲端基礎優勢，也讓林百里認為，Meta、微軟將在個人休閒、商務工作元宇宙中，各據一方。年化100%↑選股策略高手現身，看戰況➤
13,2022/01/16 13:00,鉅亨新視界,Tag壽險匯兌成本避險資本利得壽險業 2021 年累計前 11 月稅前盈餘 3865 億元，再創歷史新高紀錄，除了因為去年證券市場強強滾，讓壽險業大賺資本利得以外，匯兌成本不到 2000 億元，創 4 年同期新低，也是獲利大豐收的主因。據金管會最新統計，壽險前 11 月大賺 3865 億元，年成長 85.7%，且創歷史新高紀錄，若加上產險業，整體保險業獲利更達 4088 億元，年增 82.5%，2021 年全年可望逼近 4500 億元大關。壽險業獲利去年大爆發，除了靠資本財挹注以外，台美利差縮小，避險工具成本下降，光是前 11 月就省下 350 億元也是主因。因為避險成本下降，壽險業去年前 11 月海外投資淨收益 (包含兌換損益、避險損益，但不包含外匯價格變動準備金淨變動) 累計為 7303 億元，比 2020 年同期多賺 1450 億元。雖然壽險匯兌成本前 11 月僅 1972 億元，創 4 年同期新低，比前一年同期大減 2603 億元，不過，不少壽險公司在 12 月增提外匯準備金，以強化 2022 年抵禦匯率波動的能力，預估之後金管會公布的全年匯兌總成本數據仍會突破 2000 億元，但還是有機會維持 4 年新低。鉅亨觀點與分析 | 鉅亨網記者、編輯群們茫茫的訊息海中，讓鉅亨網記者、編譯團隊，幫讀者們解讀新聞事件背後的意涵，並率先點出產業與總經趨勢，為投資人提供最深入獨到的觀點，協助做出更精準的投資決策。
14,2022/01/16 12:59,台股新聞,Tag台積電市值輝達半導體晶圓代工龍頭台積電 (2330-TW)(TSM-US) 法說釋出展望令市場驚艷，帶動 ADR 13 日、14 日股價接連改寫收盤新高，根據 Bloomberg Market 數據顯示，台積電最新市值已達 7294 億美元，超越波克夏 (BRKA-US) 7221 億美元、輝達 (NVDA-US) 6713 億美元，重奪全球半導體王寶座，並躍升全球市值第八大企業。法說會前夕，就有多家外資相繼上調目標價，隨著台積電法說釋出的營運成績單及展望均優於市場預期，更多外資跟進調升目標價，目前外資圈對台積電最高價格上看 1035 元，最多外資看好股價將衝破 800 元大關。外資看好，台積電 2024 年營收將較 2020 年翻倍成長，更有外資預期台積電至 2024 年，每年獲利將衝破兆元大關。除去年第四季、全年獲利再創新高，台積電並預估，今年第一季營收將達 166-172 億美元，季增 5.4-9.2%，續寫新猷，雙率也均將較去年第四季成長，營運淡季不淡。就整體產業來看，台積電預估今年晶圓代工產業將成長近 2 成，台積電則將持續優於產業平均、營收估年增 24-29%，並將長期毛利率目標提升至 53% 以上，釋出未來幾年營收年複合成長率將達 15-20% 的展望。台積電也大舉調升今年資本支出，金額達 400-440 億美元，相較去年 300 億美元大增 33-46%。今年第一季營收並可望再創高，也大幅調升今年資本支出，並釋出長期毛利率維持 53% 以上，及上調未來幾年美元營收年複合成長率至 15-20% 等樂觀展望，激勵台積電 ADR 早盤強勢衝高，年化100%↑選股策略高手現身，看戰況➤
15,2022/01/16 12:54,台股盤勢,Tag台股聯準會台積電升息封關台股上周續漲 233.57 點，周線再次翻紅，守住所有短均線，不過，法人指出，盤勢呈現指數強、個股弱的「外強中乾」格局，距離封關僅剩不到 10 個交易日，不排除尚有長假前的避險賣壓待消化。上周加權指數漲點主要來自台積電貢獻多達 328 點，若排除台積電，大盤實際上處在下跌狀況；而櫃買指數殺盤壓力更重，周跌 2%，累計 1 月以來跌幅已多達 6.5%。法人指出，由於中小型股跌勢重，不少投資人其實感受不到台積電帶動的強勁支撐力道，技術面來看，櫃買指數已初步見到跌深負乖離大的現象，儘管封關前加碼力道恐不足，但至少有望初步止穩。籌碼面來看，上周在集中市場外資買超 424 億元，其中光是買超台積電多達 506 億元 (買超達 7.6 萬張)，使大盤幾乎是由台積電一枝獨秀，而從前 10 大加碼標的來看，有多達 7 檔是金控股，包括新光金、台新金、中信金、玉山金、富邦金、國泰金和兆豐金，使金融指數表現相對抗跌。未來一周，台股重要大事有 1 月 19 日將進行台期指結算，而國際上則有美股超級財報周開跑，本周由金融族群領銜登場，包括高盛、摩根士丹利、美國銀行、道富銀行等。永豐投顧表示，台股封關日恰逢 FOMC 會議召開，在長假來臨之際，預期丙種資金、國內保守性資金如銀行和壽險等機構的避險行為將大增，使封關前結帳退場持續，量能也逐步萎縮。永豐投顧進一步提到，3 月升息在即，美股波動難免，將間接影響外資行為，建議投資人先行觀望，不過，因台積電業績展望佳，仍有撐盤作用。年化100%↑選股策略高手現身，看戰況➤
16,2022/01/16 12:48,基金,Tag通膨升息AI基金新基金通膨升溫、美國聯準會態度轉鷹與疫情反覆，導致全球股市面臨高檔賣壓，惟類股表現不一，投信提醒，今年經濟基本面仍舊穩健，但如果只是單一資產從頭抱到尾，恐怕最後變成一場空。柏瑞投信指出，全球央行貨幣政策退場不免影響金融資產波動，因此投資策略如果仍是單一資產從頭抱到尾，恐怕最後淪為一場空，建議在市場波動，拉回過程中可採多重資產策略，迎戰升息、通膨、疫情三大不確定性。柏瑞投信指出，雖然升息對風險性資產會帶來壓力，但整體市場的復甦並未看空，建議投資組合中可透過存續期較短的美債，控制利率風險，並搭配具利差優勢的企業債來增添緩衝與總報酬空間。柏瑞投信說明，單一主題式基金著眼於成長爆發力，但也要留意基金是否過度聚焦曝險在特定國家、產業或風格，且傳統趨勢主題基金成立後就會定型，但趨勢變化會與時俱進，因此投資特定主題型基金可能需要經常確認原本看好的趨勢是否過時。相對而言，趨勢動態多重資產基金比起傳統基金，團隊在討論過程中會蒐集會議中重複出現的相同字詞或觀念，例如科技創新、解封議題等關鍵字，並再針對相關概念進行討論，產生可能是長期結構性或中期經濟的趨勢想法。此外，團隊還會攜手外部機構研究，深入研究相關概念得出細部看法，例如特別看好科技創新中的 AI、雲端，最後產生趨勢主題。柏瑞投信指出，為讓投資組合貼近市場動態，團隊也會「滾動式」判斷哪些趨勢主題在未來 9 到 18 個月較有機會表現，每個月也會檢視這些趨勢主題是否仍具吸引力，評價是否合理，調整投資比例。2022投資展望》摩根：聚焦7大關鍵
17,2022/01/16 12:47,台股新聞,Tag台股半導體獲利財報歷經多空激戰後，台股周線驚險收紅，但投信提醒，在聯準會鷹派勢力抬頭與疫情變化等影響下仍為股市埋下變數。安聯投信台股團隊表示，美國聯準會偏鷹派以及 1 月底聯準會可能釋出的訊號與政策步調，由於加快升息可能對企業營運成本的實際影響仍待觀察，而變種疫情的發展也需要留意。基本面來看，安聯投信台股團隊表示，從重要法說釋出的訊息來看，半導體長期需求有望受惠於結構提升、以及來自 5G 和 HPC 相關應用產品的大趨勢。許多終端產品譬如車用電子、伺服器和聯網及智慧型手機等的半導體含量有望提升。安聯投信台股團隊表示，台股短線仍有望受惠於半導體等科技展望等基本面的支撐，加上近期台股已回檔整理一段時日有助於後市，但要注意的是，接近農曆年假期，接下來又面臨未來聯準會政策態度的調整、以及可能對產業營運的實際影響，以及疫情的發展，都增添未來市場變數。PGIM 保德信高成長基金經理人葉獻文指出，隨著時序越來越接近農曆春節長假，長假效應可能導致近期獲利了結賣壓，且部分美國重量級科技大廠的財報在台股封關後公布，恐影響多方上攻力道。葉獻文認為，今年台股企業獲利持續成長，景氣也持續位於熱絡的紅燈區間，領先指數景氣對策信號顯示經濟熱絡，顯見台股經濟動能為有基之彈，2022 年在全球復甦動能帶動之下，整體需求可望進一步回升，台股企業產能亦有望進一步釋放。儘管目前處於高基期環境，今年首季電子股企業獲利仍可望以年增 8.4% 增速擴張，證明台灣經濟動能熱度不減，將為台股創高動能提供厚實支撐。葉獻文表示，經濟活動也逐步回歸正軌，有望舒緩去年全球供應鏈斷鏈問題，加上 5G 與新興科技產業發展日益蓬勃，帶動終端需求成長力道，加上台灣向來是全球半導體產業的重要供應鏈，能優先同步反映全球景氣成長的利多，對台股是一大助益。年化100%↑選股策略高手現身，看戰況➤
18,2022/01/16 12:46,台股新聞,Tag集邦友達群創面板電視IT電視面板價格經過近半年修正後，近期跌勢已明顯收斂，其中，中小尺寸電視面板價格甚至接近持平，集邦顯示器研究處資深副總邱宇彬認為，電視面板可望在本季底落底，不過 IT 面板反映淡季、產能增加、貨運遞延效應等，短期內跌勢恐擴大，面臨較大壓力。邱宇彬表示，電視面板跌勢逐步收斂，反映價格已接近現金成本價，不只中小尺寸面板可望率先止跌，55、65 吋也持續往現金成本價靠攏，預期最快本季底前、最慢第二季初價格就將落底，至於能否反彈，還要觀察下半年旺季品牌廠備貨需求。除需求放緩外，面板廠未有大規模歲修、減產動作也是導致去年面板價格跳水主因之一，多數面板廠產能稼動率均維持高檔，除力穩市占外，也代表相比過去賠本生意，市場仍有利可圖。邱宇彬指出，隨著電視面板價格去年自高點轉跌後，包含韓廠、台廠都將部分產線轉生產 IT 面板，中國廠商也挾產能優勢積極搶進 IT 市場，加上去年 IT 面板價格相對電視面板穩健，成為支撐面板廠去年下半年仍維持獲利的關鍵。隨著各面板廠皆擴大 IT 面板產能，邱宇彬認為，今年 IT 面板供過於求的風險將大於電視面板，觀察進入產業淡季後，各尺寸顯示器、筆電等 IT 面板均反轉向下，且跌幅持續擴大，現階段需觀察品牌廠是否有因物流，而對面板超額下單 (Overbooking) 疑慮，若後續物流恢復，品牌廠大規模砍單，不排除 IT 面板價格恐如去年電視面板大跳水。觀察集邦旗下 Witsview 公布的 1 月上旬面板報價，電視面板跌幅持續收斂，32、43 吋中小尺寸電視面板上旬價格維持上月底水準，55、65 吋跌幅也少於 2%，為近半年來最小跌幅，各尺寸顯示器、筆電面板價格跌幅則持續擴大，平均跌幅達約 2% 內。年化100%↑選股策略高手現身，看戰況➤
19,2022/01/16 10:30,鉅亨新視界,Tag楊泮池臺大醫院超音波醫療撰文╱陳怡如根據衛福部最新統計，2020 年國人十大死因排行榜，癌症連續 39 年高居國人死因榜首，而各類癌症中，又以「肺癌」自 2004 年起，連續 17 年名列國人癌症死因第一名，堪稱「癌王」。然而，抱著一點好奇、一絲懷疑，楊泮池揭開了肺癌的迷霧，時間得拉回 30 多年前的臺大醫院。工研院新科院士楊泮池矢志求真、在不疑處有疑，率團隊破解國人「不吸菸卻肺癌上身」的秘密，對肺癌防治做出莫大貢獻。研究肺癌打破陳規 找出隱藏版病因1987 年，已是內科主治醫師的楊泮池察覺，看了這麼多胸腔科病人，很多都與教科書寫的迥然不同，最明顯的例子就是肺癌。教科書上明白寫著，8 至 9 成肺癌患者都是吸菸所致，但門診病患卻一半都沒抽煙，女性也特別多，楊泮池心中隱隱覺得不對勁，決心要自己找出答案，因此展開 30 多年的肺癌研究之旅。對學問的積極精神幫了楊泮池一把，升上主治醫師後，他決意攻讀臺大臨床醫學博士，在陸坤泰教授及吳成文教授指導下，因緣際會獲得美國肺癌權威吳忍教授的指導如何培養肺部支氣管細胞，因此啟發了楊泮池思考透過肺癌細胞培養，運用基因學釐清肺癌患者的病因。為何不吸菸的女性國人容易罹患肺癌呢？在楊泮池帶領的團隊研究下，歸納出兩個「隱藏版」原因：一方面華人本身的基因變異，加上生活環境的暴露，包括空汙及烹飪會接觸到的油煙等。很多人以為 PM2.5 是造成肺癌的主因之一，楊泮池解釋，PM2.5 是一級致癌源，造成的最大問題不是肺癌，而是心血管疾病及腦中風，發生機率是肺癌的 4 至 5 倍以上。而大部分不抽煙的肺癌病人都有直系血親也罹患肺癌，可能是因為基因或是生活環境相近造成，且兩個因素互相影響。楊泮池求真、求實的個性，從他首開風氣之先，使用超音波診斷胸腔疾病也看得出來。當時的教科書認為，肺部充滿空氣，因此超音波無用武之地，但楊泮池另闢蹊徑，發現超音波「看不見正常的肺，但看得到不正常的肺」，正可協助診斷肺積水、肺炎、腫瘤等肺疾，而現在，超音波已經成為胸腔科急重症的重要檢測利器，更是成為胸腔科醫師的必考項目。抗「煞」先鋒 找出防疫的黃金原則除了是肺癌研究權威，楊泮池還是抗「煞」先鋒，2002 至 2003 年臺灣爆發 SARS（嚴重急性呼吸道症候群疫情）事件時，他擔任臺大醫院內科主任，負責胸腔科加護病房，正是防疫第一線。他回憶，某位染疫病人一住進來，一位總醫師替病人插管就遭感染，不安、恐懼的氛圍在院內蔓延，「但還是要做下去，因為病人需要你。」面對當前新冠肺炎疫情，楊泮池認為，臺灣總是要跟世界同步重啟國際旅遊的大門，基於過去 SARS 的經驗，可以歸納出黃金 4 原則來防疫：第一是持續戴口罩；第二是國內須備妥快速精準的檢測工具；第三需有普及的有效疫苗施打；第四，除了打疫苗外，也須備妥有效藥品，雙管齊下儘速將染疫死亡率降下，直至與流感重症死亡率一樣低於 1%。扮「愚公」衝鋒陷陣 解決人才流失沉痾楊泮池在臺大醫院看診，不僅觀察到病人病因與教科書的不同，也觀察到制度的問題。他舉例，臺大醫院上千位醫師，並非人人都有教職，上千人要搶 4、500 個教職缺，有人運氣好，專長的領域剛好有教授退休可補缺，然而有人能力更強，但排不到教職，因此離開，使得臺大醫院留不住人才。善於發現問題，楊泮池也擅於解決問題，在擔任醫學院院長時期，他決意建立臨床教師制度，抱著「愚公移山」的精神親赴教育部溝通，讓醫院臨床醫師可以取得臨床教職，並把臨床教師視同正式教職，並由臺大醫學院負擔其薪資福利，而授課時數、研究資源等待遇一應比照正式教職，終獲教育部點頭，解決了醫學院長年人才流失的問題，幫助臺大醫學院和醫院獲得豐厚的教研資源。楊泮池說，學校的制度只要適當調整，讓方向走對，可讓更多年輕人受惠，因此他參與遴選並擔任臺大校長，成為第一個完全自臺大體系出身的 MIT 校長。史上首位 MIT 臺大校長 重視溝通公益為先在校長任內，楊泮池極重視與各學院的溝通，致力各領域的均衡發展，在 2017 年英國高等教育機構（QS）公布的全球大學各類學科排名中，臺大首次在藝術與人文、工程與科技、生命科學與醫學、自然科學、社會科學與管理學，五大領域名列全球前 50 名，治校能力有目共睹。而他致力在校園中推廣「利他」文化，鼓勵學生勇於承擔社會責任，成為「自我為後、公益為先」的知識份子。楊泮池形容，臺大龐大的體系就好比一家大公司，管理心法最重要的就是充分授權、尊重不同領域的心聲，而且校友們都很願意幫忙學校，當時他要求同仁「不要伸手要錢」，而是該讓校友知道臺大校方要做什麼，是否有一個理想、願景，而且可以改變教育，讓臺灣、臺大更有競爭力，做好溝通、闡釋理念，外界就會主動給予很多支持。在研究上、教育上，楊泮池持續開出藥方，解決各方難處，他認為，醫學研究和醫療最重要的目標，就是解決病人問題，讓病人得到最好的照顧，從生病後的精準醫療，做到早期診斷、早期治療，然後要進一步超前部署，做到事前預防，達成到精準健康。然而若沒有生技產業帶動，精準健康的目標無法達成。產業的推動也應以「精準健康產業」為推動目標，而非以「醫療產業」為發展方向。促進產業對話 用科技讓生醫產業起飛楊泮池說，臺灣 10 幾年前就希望成為生技新藥大國，2011 年起他執行國家型計畫推動生技產業更是深有感觸。楊泮池認為，帶動生技產業首要思考臺灣強項在哪裡，臺灣 ICT、資通訊產業非常強，電子業也專精於雲端運算，面對當前醫療走向精準健康，與 ICT 有關的醫療、醫材成為極為重要的診斷工具。因此楊泮池自 2016 年擔任國家生技醫療產業策進會副會長開始，積極推動讓資通訊 ICT 產業與醫療對話，進而解決醫療問題，涵蓋醫材、診斷試劑、雲端運算、智慧醫療、AI 等領域。楊泮池認為，生醫產業亟需有一個在醫學中心的智慧醫療沙盒，導入本土藥品、醫材、診斷科技等，藉由實地使用，精進品質並建立品牌認證，才能打國際盃。不斷發現問題、勇於解決問題，楊泮池不只是作為醫師治療病患，更願意當大環境制度的改革者、扮演造橋鋪路的施工者，讓民眾更健康、讓制度更健全、讓生醫產業更茁壯，楊泮池至今仍持續在第一線教學、看診，在通往夢想的路上，他一刻也不停歇。楊泮池矢志求知，在不疑處有疑，率領中研院、臺大醫院等跨校研究團隊，破解國人不吸煙卻肺癌上身的秘密。圖為楊泮池於中研院生醫所的研究團隊。（楊泮池提供）轉載自《工業技術與資訊》月刊第 358 期 2021 年 12 月號，未經授權不得轉載。《工業技術與資訊》月刊 | 《工業技術與資訊》月刊《工業技術與資訊》月刊，現為工研院發行之全院性對外出版品，刊物發行於1991年，目前每期發行數量約為6，000份；對象含括全國具研發單位的中小企業、立法委員、政府官員、媒體等。
20,2022/01/16 10:00,鉅亨新視界,Tag再生能源工研院太陽光電虛擬電廠撰文／鄒明珆因應全國中小學「班班有冷氣」的福利，政府也同步推動「校校會發電」政策，讓學子在享受舒適學習環境之際，用電也能自給自足，不增額外用電負擔。工研院以資通訊科技，打造虛擬電廠技術，讓發電與用電匹配更精準、調配有彈性，在供電穩定及友善環境間，達成雙贏。現代人的便利生活，很大一部分仰賴穩定的電力供應。2020 年 7 月，行政院為提供國內學子舒適的學習環境，宣布推行全國中小學「班班有冷氣」政策，並預計在 2022 年 2 月底前，完成全國中小學 30 萬台的冷氣裝設工程。然而，班班裝冷氣，電從哪裡來？為此，政府也同步推動「校校會發電」的措施，鼓勵校園增設太陽光電設施，除了讓學校在發電上不需完全倚賴他人外，還可另外創造收入。整合分散式能源 輸配電力更有效傳統電力的供應，是由發電廠經過輸配電網，單向輸送到用戶方，且多以火力發電為主，雖然我國能源轉型的目標已定為「2025 年再生能源發電量占比將達 20%」，但再生能源發電裝置並非集中建置，各自屬性也不同，像是太陽光電晚上無法發電、風電的發電量也會因季節有所不同，如何讓這些分散在各處的再生能源截長補短、互通有無，勢必得有更好的電力管理技術，才能維持整體電力系統的穩定度。有鑑於此，工研院打造「整合多元資源的虛擬電廠」（Virtual Power Plant；VPP）驗證平台，利用網路通訊技術，將分散在各處的太陽光電、大樓的負載用電等電力資源整合起來，再依據需求進行資源的調配，不僅可維持電網穩定，還能為參與虛擬電廠的供電用戶創造回饋。工研院綠能與環境研究所副所長暨電網管理與現代化策略辦公室主任劉志文表示，「虛擬電廠」的「虛擬」二字，主要是用來形容這項技術使用到網路及雲端的科技，但是實際的發電效果以及對電力的挹注，與傳統發電廠一樣，且擁有很高的可控制性，需要發電時就可發電，必須降載時也可降載。此外，這套系統有清楚的「儀表板」，讓過去看不見摸不著的電力，轉變為可視數據，用戶得以即時監控。該系統目前已陸續應用在各式場域，位於新竹市科學園區旁的光武國中，就是其中之一。光武國中導入虛擬電廠 向下扎根能源教育回憶當初加入工研院虛擬電廠使用計畫的動機，光武國中校長林茂成直言，一開始，他也不懂什麼是虛擬電廠，「但是每個月看到學校電費的帳單，然後煩惱這筆錢要怎麼支出，那個痛是很真實的！」因此在收到工研院虛擬電廠合作方案後，林茂成便積極爭取導入機會。2021 年起，光武國中正式導入整合多元資源的虛擬電廠（VPP）驗證平台，搭配智慧冷氣與太陽能光電系統的建置，全校所有與電力相關的資訊都會透過虛擬電廠進行統整，校方隨時能透過系統的顯示面板，即時掌握用電與發電的情況。當電力系統發生緊急狀況時，虛擬電廠也可接收台電的通知，對校內的智慧冷氣進行操作調控，以降低供電負擔，協助整體電網維持穩定運轉。除了可隨時掌握全校電力數據動態，林茂成認為導入這套虛擬電廠技術，也有助於將能源教育的觀念向下扎根，「電力資源看不見、摸不著，所以過往我們宣導記得關燈、關冷氣等節電行動，大家還是很無感，往往都要最後看到帳單時，才開始後悔。」他透露，自從導入工研院這套系統後，學生在插入冷氣卡時，會開始思考是不是要將溫度調高，或是延後吹冷氣的時間，「這樣的改變，正是培養未來主人翁『節能減碳』公民素養的第一步！」「其實所有發電方式，或多或少都會產生二氧化碳，但我們可以選擇碳排放量比較少的發電方式，或是提升用電效率、減少浪費，」劉志文說明，10 月 31 日在英國蘇格蘭格拉斯哥召開的第 26 屆聯合國氣候變化大會（COP26），已反映出各國對於過度排放二氧化碳導致氣候變遷的高度關注，未來可以透過像是「虛擬電廠」這種更聰明的電力管理系統，來提升電網供需穩定與安全，同時提升人們的節電意識，「用具體行動來實現淨零碳排！」轉載自《工業技術與資訊》月刊第 358 期 2021 年 12 月號，未經授權不得轉載。《工業技術與資訊》月刊 | 《工業技術與資訊》月刊《工業技術與資訊》月刊，現為工研院發行之全院性對外出版品，刊物發行於1991年，目前每期發行數量約為6，000份；對象含括全國具研發單位的中小企業、立法委員、政府官員、媒體等。
21,2022/01/15 15:54,台股新聞,Tag聯亞藥疫苗聯亞生技內線交易新冠疫苗疫苗廠聯亞生技與子公司聯亞藥 (6562-TW) 捲入內線交易疑雲，對此，聯亞生技董事長王長怡強調，不贊成短線抄作，將加強同仁法律教育訓練。王長怡指出，直到昨 (14) 日上午才知道公司 2015 年 5 月發股票給員工，不過聯亞藥登興櫃後，公司無法限制員工出售股票。基本上公司鼓勵同仁長期投資並與公司共存共榮，決不贊成短線抄作，後續要持續加強同仁法律遵循的教育訓練。聯亞藥去年中登錄興櫃，加上聯亞生技新冠疫苗公布二期臨床試驗期中報告，股價大幅波動，外界質疑有內線交易疑慮；而新竹市地檢署著手偵辦，傳喚聯亞生技執行副總經理彭文君、傅姓處長等管理階層及相關證人共 17 人到案說明。新竹地檢署指出，彭文君與傅姓處長涉嫌違反證券交易法，犯嫌均屬重大，惟尚無聲請羈押的必要，並分別以 300 萬、100 萬元交保。聯亞藥則發出重訊，法務部調查局因需要調查部分員工涉及證券交易法案件，至公司及母公司聯亞生技進行調查事宜，公司在調查過程中完全依法配合檢調單位並提供一切必要資料，此外，此事件對公司財務業務無影響。年化100%↑選股策略高手現身，看戰況➤
22,2022/01/15 14:00,美股雷達,Tagplanetlabs美股產業在將部分衛星送入太空後，Planet Labs 股票也進入了軌道，但《巴倫商周》撰稿人 Al Root 認為，這不代表 Planet Labs 股價漲勢合理。Planet Labs(PL-US) 表示，已將 44 顆小型地球觀測衛星送入軌道，在目前已運作 200 顆衛星的基礎上，再添加數量。 Planet Labs 週五股價大漲 12.77%，收 6.36 美元。同日 S&P 500 指數和道指分別下跌 0.6% 和上漲 0.1%。股價如此大漲的確切原因向來難以弄清楚，有時重大事件發生，其結果對公司明顯有利或不利，就會大漲或大跌，例如製造公司的新藥獲批准，下一步意味著新銷售、新營收，但若藥物失敗，新營收和利潤來源也跟著化為泡影。然而，Al Root 認為，商用太空業務不同。倘若該回發射不成功， Planet Labs 就會再試一次， Planet Labs 的長期業務計畫並不仰賴特定一次的火箭發射。然而，再發射一次會耗費更多資金，因此這 14% 漲幅可能反映了投資者對發射成功鬆了一口氣，畢竟公司可以省下再次發射的費用，但週五的暴漲創造了 2 億美元左右的市場價值，考慮到該公司的歷史，這似乎有點過頭了。Planet Labs 將其衛星送入軌道的成功率為 100%。在該公司長達 10 年的歷史中，已經發射了 500 多顆衛星，顯見衛星太空發射的風險並不大。對週五大漲最好的解釋可能是，交易者根據正面或負面數據進行交易，交易者不那麼在意具體數量，而是更關心方向是否正確。當然，週五大漲也不代表該股不值得買進，畢竟華爾街喜歡該股。追蹤 Planet Lab 股票的 7 位分析師均給予該股「買進」評級，小盤股的平均買進評級比率約為 65%。分析師平均目標價約為 13.50 美元，較近期交易價隱含 100% 上漲空間。有趣的是，該股近日獲得 2 次分析師買進評級，但並未像週五那樣大幅上漲。Wedbush 技術分析師 Dan Ives 於 1 月 7 日喊買該股，並給予 10 元目標價，僅讓該股上漲 2.1%，同日 S&P 500 下跌 0.4%。週三高盛分析師 Noah Poponak 發布報導，給予買進評級與 11 美元目標價，激勵該股當日上漲 10.5%，遠勝當日大盤。當日 S&P 500 指數上升 0.3%。雖然 Poponak 的背書確實大幅提振了該股，但還是不比該公司正常推進其業務時帶來的動力。Planet Labs 需要近期發射衛星以成長，並合理化其成長股的價值。華爾街預期該公司 2022 年營收約 1.3 億美元，到 2023 年將增長到 1.88 億美元，到 2024 年將增長到 2.86 億美元。以 2023 年預估營收計算，該股票現行本益比約 8.7 。 羅素 1000 成長指數本益比約 4.3。復甦、通膨雙引擎，實質資產看俏
23,2022/01/15 13:29,台股新聞,Tag台積電大立光聯發科鴻海鮑爾Fed升息金融股央行金管會證交所全球晶圓代工龍頭台積電本周召開法說會，不僅去年獲利飆高、今年展望更樂觀、驚艷全市場，寫下五大驚奇，台灣 15 家金控去年獲利也全數出爐，合計大賺 5806.28 億元，飆上歷史新高，Fed 主席鮑爾本周也釋出最新談話，指出 Fed 將動用工具，確保通膨不會扎根，以下是本周大事回顧：晶圓代工熱度不減 台積電展望亮眼 寫下五大驚奇台積電 (2330-TW)(TSM-US) 本周四召開法說，並公布去年第四季財報，成績略優外資預期，並預估今年首季營收並可望再創高，更大幅調升今年資本支出，同時釋出長期毛利率維持 53% 以上，及上調未來幾年美元營收年複合成長率至 15-20% 等樂觀訊息，驚豔市場。〈台積電法說〉今年營收估成長近 3 成、資本支出大增 一文看懂八大重點大立光去年獲利創近 8 年低 今年手機鏡頭升級也放緩光學元件廠大立光 (3008-TW) 周四舉行法說會，並公布去年財報，獲利創近 8 年新低，展望首季，執行長林恩平坦言，1、2 月拉貨動能逐月下滑，今年手機鏡頭的升級速度也有放緩現象，整體展望相當保守，隔日股價隨即重挫跌停。〈大立光法說〉今年鏡頭升級放緩、專利戰針對非客戶 六大重點一次看鮑爾：通膨壓力延續到年中 今年下半年開始縮表美國聯準會 (Fed) 主席鮑爾周二出席參議院任命聽證會，證詞指出，Fed 將動用工具避免通膨扎根，並警告疫後經濟可能和前一波經濟擴張大不相同，會中也預估，通膨壓力將持續到年中，並在今年晚些時候開始縮減資產負債表。15 家金控全年賺逾 5806 億元 破歷史紀錄15 家金控去年 12 月獲利全數出爐，多家金控趁年底增提備抵呆帳或其他提存，因此單月獲利普遍月減，其中，新光金 (2888-TW) 單月獨虧，但不影響全年大豐收，兆豐金 (2886-TW) 最後一個月讓累計獲利超車前年，等同 15 家金控全數獲利成長，合計大賺 5806.28 億元，破歷史紀錄，年增 53.19%。聯發科 5G 毫米波晶片 Q2 放量 終端產品 Q3 問世聯發科 (2454-TW) 近期推出旗艦款晶片天璣 9000，深獲市場好評，公司今 (14) 日也預告，首顆 5G 毫米波 (mmWave) 系統單晶片預計第二季起放量出貨，第三季就會見到終端產品，搶攻歐美市場，看好市占率再提升。劉揚偉談電動車 缺料成台灣契機 2024 年三電系統自製率可達 9 成鴻海 (2317-TW) 董事長劉揚偉表示，缺料問題短時間難解決，長期將改變車廠供應鏈結構，對台灣產業來說也是一大契機，未來台灣在電動車「三電系統」電池、電機以及電控自製率，到 2024 年可望提升到 9 成。央行打囤地再出手 借款人 18 個月內應動工興建台灣央行打擊炒房囤地態度更趨強硬，週四一口氣邀集 36 家本國銀行和信用合作社聯合社召開「強化銀行購地貸款風險控管措施」會議，規範借款人應切結於「一定期間」內動工興建的「一定期間」，最長以 18 個月為原則。金管會黃天牧提四面向看好台股 提醒三大逆境變局台股在 2021 年站上「萬八」，全年上漲近 24%，2022 年是否還能續旺備受矚目，金管會主委黃天牧周四提出「台股持續有資金動能」等四大面向，認為榮景可持續，但是也提醒投資人，「台股已上漲兩年，天下沒有絕對順風順水」，還是要擔心可能發生的升息等三大逆境變局。證交所董座：兩優勢吸引資金挹注 台股百花盛開證交所週四舉行新春媒體記者會，展望台股後市，證交所董事長許璋瑤引述金管會主委黃天牧的「花若盛開，蝴蝶自來」來形容，台股具備高殖利率、低本益比兩大優勢，目前是「百花盛開」的狀態，對資金極具吸引力。年化100%↑選股策略高手現身，看戰況➤
24,2022/01/15 13:29,台灣房市,Tag地價房產林口內政部今 (15) 日發布最新（2021 年 4 月 1 日到 9 月 30 日）都市地價指數，本期全國都市地價總指數為 103.98，較上期上漲 0.82％，較 2020 年同期上漲 1.99％，就整體變動情形而言，自 2018 年 9 月以來，已呈現連 7 期上漲，地產業者指出，就去年第四季六都土地標售的熱況來看，趨勢依然向上。最新發布的各直轄市、縣（巿）地價指數，除連江縣小跌 0.34% 外，其餘均較上期上漲，其中以新北市上漲 2.01％、台南市上漲 1.63％及嘉義市上漲 1.50％、高雄市上漲 1.45％、臺東縣上漲 1.11％，漲幅較大。全台土地各使用分區指數中，住宅區指數較上期上漲 0.91％，商業區指數較上期上漲 0.49％，工業區指數較上期上漲 1.01％。比較各直轄市及縣（巿）之漲跌幅，以新北市住宅區上漲 2.05％、高雄市商業區上漲 1.54％、嘉義市工業區上漲 2.44％最為明顯。其中，新北市因各行政區整體開發區生活機能日趨完善，及近期捷運三鶯線、萬大中和線、新北樹林線、環狀線等各項重大建設陸續興建及完工、工業區立體化政策等，致地價上漲幅度較大，其中以林口區上漲 3.39％，漲幅最為明顯。另外，台南市因平實營區市地重劃區、九份子重劃區、大橋區段徵收區及南科地區等整體開發區發展，帶動地價上漲，各行政區中以東區上漲 2.73％，漲幅最為明顯；而嘉義市地價上漲部分，主要受湖子內區段徵收區的影響，西區、東區分別上漲 1.52％、1.48％。此外，以本期全台都市地價各使用分區指數與上期比較，以工業區 104.37 上漲 1.01％漲幅較大，住宅區 104.06 上漲 0.91％次之，商業區 103.57 則上漲 0.49％，主要為近年受台商回流購地設廠影響，致工業區指數漲幅較住宅區指數及商業區指數漲幅明顯。內政部都市地價指數是將各縣市都市計畫範圍內的住宅區、商業區、工業區土地，以統計方法選取中價位區段，查估其平均區段地價，據以編算某一地區內，土地價格在一定期間內的相對變動（上漲或下跌）的百分數，其性質類似物價指數，並定期於每年 1 月 15 日及 7 月 15 日發布。抵禦高通膨衝擊，投資必備實質資產！
25,2022/01/15 13:09,台股新聞,Tag房產房市打房房價炒房央行楊金龍央行總裁楊金龍今 (15) 日表示，受寬鬆貨幣和擴張性財政政策的外溢效應影響，全球房價普遍上揚，而近年國內房價上漲主要是由強勁投資、預期心理、投機炒作和成本推升等因素帶動，尤其近年房市市況以中南部較熱絡，反映廠商擴大南科、中科和竹科投資，帶動周邊購屋需求。楊金龍今日參加住宅學會年會暨 30 周年慶祝大會，會中以「央行在健全房市方案中扮演的角色」為題發表看法。楊金龍說明，各國以空前寬鬆政策因應疫情，藉此協助經濟明顯復甦，但充沛流動性的外溢效應，帶動全球資產價格攀升。隨著房價揚升，多國房價 (房租) 漲幅高於家庭所得成長，導致民眾購、租屋的居住成本負擔升高，並以低收入家庭負擔壓力最大，央行就 OECD 各會員國房價所得比指數 (以各國長期平均為基期) 觀察，以紐西蘭最高。楊金龍不諱言，當前許多經濟體出現房價持續高漲，並伴隨家庭債務激增現象，加劇金融不穩定的擔憂。不過，楊金龍強調，國際間均運用多元政策工具，因應高房價問題，因此，央行主要以選擇性信用管制措施因應房市風險，且本次緊縮選擇性信用管制措施，較前次緊縮措施之控管力道強。至於利率，楊金龍說明，利率主要用以穩定總體經濟，只是影響房價因素之一，尚須透過銀行信用管道、財富效果等影響房市供需。以台灣來看，去年 11 月底不動產貸款占總放款比重約 37%，若以大幅升息處理房價問題，將衝擊其他 63% 授信客戶，並加重首次購屋族貸款負擔。楊金龍再次重申，健全房地產市場所涉層面廣泛，並涉及國內結構性問題，因而有賴相關部會與地方政府通力合作，目前國內外有關穩定房市措施成效的實證文獻多顯示，同時採行租稅與實施銀行貸款成數限制措施，可抑制房市需求，平穩房價效果較大，但若住宅供給不足，則平穩房價效果勢必受限。此外，楊金龍提到，國內通膨仍屬可控，預料消費者物價指數年增率於年中將可回降，不過，國內各產業復甦力道不均、勞動市場尚未回復至疫情前水準。年化100%↑選股策略高手現身，看戰況➤
26,2022/01/15 13:07,台股新聞,Tag威潤車聯網威剛威剛 (3260-TW) 轉投資車連網廠威潤 (6465-TW) 近期車載監控新品通過歐美認證，激勵周五股價抗跌，逆勢攻漲停 29.35 元，並再度收復所有均線，周漲幅 10.55%。威潤表示，防水型車載衛星定位監控器新品已取得歐美多國認證，也通過美國電信營運商 AT&T 認證並上市，衝刺戶外重型機械與運輸設備市場。今年整體營運來看，威潤認為，全球因陸續終止 2G、3G，歐洲、拉美以及東南亞地區的車隊設備換機潮可望陸續發酵，營運審慎樂觀。年化100%↑選股策略高手現身，看戰況➤
27,2022/01/15 13:06,台股新聞,Tag文曄IC通路半導體B2BIC 通路大廠文曄 (3036-TW) 受惠半導體需求強勁，不僅去年營收創下歷史新高，今年也持續成長，法人看好，文曄去年獲利首度賺近一股本，今年可望一股本起跳，依周五收盤價 85.2 元來看，本益比約 8 倍，吸引資金再度卡位，單周帶量上漲 11%，創近 21 年新高。展望後市，文曄看好，隨著各企業持續擴大數位轉型支出，明年 B2B 需求相當穩固，營收表現也優於產業成長幅度，法人看好，文曄明年營收年增達 1 成以上，續創新高。獲利方面，文曄也積極推動數位轉型，看好公司在具有經濟規模下，營業費用比重將持續下降，獲利年增幅也將大於營收成長幅度。文曄本周沿五日線上攻，週五一度衝上最高點 85.7 元，改寫 20 年 9 個月新高，終場漲幅略微收斂，收在 85.2 元，三大法人動態，投信大力加碼 1796 張，外資、自營商則逢高調節，同步賣超 549 張、273 張。  年化100%↑選股策略高手現身，看戰況➤
28,2022/01/15 13:04,台股新聞,Tag迅得半導體擴廠載板設備廠迅得 (6438-TW) 受惠 PCB 載板及半導體倉儲系統產品出貨穩定成長，預估首季業績將優於上季 12.74 億元，激勵股價本周上漲 4.52%，收在 115.5 元。迅得去年營收突破 49 億元創新高，前三季稅後純益 4.65 億元，已超越 2020 年獲利，年增 95.35%，每股純益 7.44 元，目前迅得在手訂單約 13-14 億元，能見度達今年第三季，市場看好迅得營運將持續獲晶圓廠台積電及 ABF 載板廠擴廠需求挹注。迅得股價本周一度挑戰歷史高點的 129 元，周漲 4.52%，14 日股價收在 115.5 元，下檔月線 112.68 元的支撐力道不弱，若量能持續擴增，將有利於改寫歷史新高價。迅得日 K 線圖 年化100%↑選股策略高手現身，看戰況➤
29,2022/01/15 13:02,台股新聞,Tag奈米醫材水晶體醫材生技股奈米醫材 (6612-TW) 受惠高階醫材、人工水晶體布局有成，業績逐步加溫，去年 12 月、全年營收雙創新高，吸引買盤進駐，激勵本周股價逆勢走強，一度突破 80 元大關，創一年半新高，周漲 17.7%。奈米醫旗下產品包括高階醫材表面處理技術、白內障手術用高階設備、白內障手術用人工水晶體及人工水晶體植入系統，隨著各項產品布局擴大，去年 12 月營收 0.43 億元，連三個月正成長，月增 17.9%、年增 124%；去年全年營收 3.96 億元，年增 9.15%，創新高。展望後市，奈米醫材中國子公司碩創 (上海) 的 bioli 植入器，獲得中國 NMPA(國家藥品監督管理局) 上市許可，目前由杭州協和全力銷售，預期將推升 2022 年成長力道。奈米醫旗下高階功能性人工水晶體共有三大產品線，其中，愛視睫 aspicio EDOF 與愛視睫 aspicio  Multifocal，已獲得 TFDA 許可，並持續擴大醫院採購。奈米醫材營收比重方面，技術服務收入約占 32%、權利金約占 56%、醫材銷貨收入占 12%，其中，技術服務與權利金收入主要客戶都位在歐美地區。  年化100%↑選股策略高手現身，看戰況➤
